AElig	Æ
Aring	Å
Auml	Ä
Ccedil	Ç
Eacute	É
Ntilde	Ñ
Ouml	Ö
Uuml	Ü
aacute	á
acirc	â
aelig	æ
agrave	à
amp	&
aring	å
auml	ä
ccedil	ç
cent	¢
deg	°
divide	÷
eacute	é
ecirc	ê
egrave	è
euml	ë
frac12	½
frac14	¼
gt	>
iacute	í
icirc	î
iexcl	¡
igrave	ì
iquest	¿
iuml	ï
laquo	«
lt	<
micro	µ
middot	·
nbsp	 
not	¬
ntilde	ñ
oacute	ó
ocirc	ô
ograve	ò
ordf	ª
ordm	º
ouml	ö
plusmn	±
pound	£
quot	"
raquo	»
shy	
sup2	²
szlig	ß
uacute	ú
ucirc	û
ugrave	ù
uuml	ü
yuml	ÿ